id	gap_type	gap_sentence	paragraph_text	confidence	section_type	source
1904.10631	future_work	Nevertheless, it is another interesting area for future work to explore the utilization of these	compared to the baseline architecture trained with batch normalization and without microbatching. Nevertheless, it is another interesting area for future work to explore the utilization of these approaches to further bolster the accuracy of low-memory image classiﬁcation training.	0.936	future_work	rule+model
1904.10631	future_work	Other works have explored diﬀerent memory	sparsiﬁed, as in (Liu et al., 2019, Rhu et al., 2018). Other works have explored diﬀerent memory allocation and oﬄoading polices to reduce the activation memory footprint of training (Chen et al.,	0.525	future_work	model
1904.10631	future_work	It is an interesting area for future work to apply such	2019, Choukse et al., 2020, Jain et al., 2018). It is an interesting area for future work to apply such activation compression methods alongside our other techniques, as these methods are orthogonal to	0.9	future_work	rule+model
1904.10631	future_work	We focus on reducing the model memory, optimizer memory, and activation memory,	In this paper, we study various techniques to reduce the memory requirements of training neural We focus on reducing the model memory, optimizer memory, and activation memory, and investigate the tradeoﬀs incurred by the explored techniques in terms of the total memory	0.382	future_work	model
1905.11797	limitation	The major drawback of this approach is that the value µ of an innovation n could be arbitrarily close to	running average surpasses a threshold, and then accepting the innovation if and only if the average is positive. The major drawback of this approach is that the value µ of an innovation n could be arbitrarily close to In this case, the number of samples needed to reliably determine its sign (which is of order 1 /µ )	0.9	limitations	rule+model
1905.11797	limitation	This would result is a massive time investment for an innovation whose	would become prohibitively large. This would result is a massive time investment for an innovation whose return is negligible at best.	0.545	limitations	model
1905.11797	limitation	In hindsight, it would have been better to reject the innovation early and move	return is negligible at best. In hindsight, it would have been better to reject the innovation early and move	0.724	limitations	model
1905.11797	limitation	Another limitation of our theory is that it only applies to i.i.d. sequences of	Section 4, “Divided we fall”). Another limitation of our theory is that it only applies to i.i.d. sequences of It would be interesting to extend our analysis to distributions of µ that evolve over time.	0.9	limitations	rule+model
1905.11797	future_work	It would be interesting to extend our analysis to distributions of µ that evolve over time.	Another limitation of our theory is that it only applies to i.i.d. sequences of It would be interesting to extend our analysis to distributions of µ that evolve over time. two intriguing problems are left open for future research.	0.9	limitations	rule+model
1905.11797	future_work	two intriguing problems are left open for future research.	It would be interesting to extend our analysis to distributions of µ that evolve over time. two intriguing problems are left open for future research. Return on Investment (ROI) was developed and popularized by Donaldson Brown in the early Nineties [12]	0.911	limitations	rule+model
1905.11797	future_work	Beyond economics, mathematics, and computer science, ROI ﬁnds applications in other ﬁelds, such	and it is still considered an extremely valuable metric by the overwhelming majority of marketing managers Beyond economics, mathematics, and computer science, ROI ﬁnds applications in other ﬁelds, such as cognitive science and psychology [7].	0.645	limitations	model
1905.11797	future_work	To circumvent this issue, we designed	has a negligible inﬂuence on the overall performance of an algorithm. To circumvent this issue, we designed ESC so that it tests shorter durations ﬁrst, stopping as soon as the previous lemma applies, and a ﬁnite	0.422	future_work	model
1905.11797	future_work	This work has also beneﬁted from the AI Interdisciplinary Institute ANITI.	Faculty Research Award and by the MIUR PRIN grant Algorithms, Games, and Digital Markets (ALGADI- This work has also beneﬁted from the AI Interdisciplinary Institute ANITI. the French “Investing for the Future – PIA3” program under the Grant agreement n.	0.414	future_work	model
1905.11797	limitation	cannot be dismissed as a mathematical pathology.	around [ − 1 , 0] ∪{ 1 } ), there are settings in which this policy is optimal, so this choice of decision function cannot be dismissed as a mathematical pathology. The following lemma shows that in the simple, yet meaningful case of the policy π described above, it is	0.9	tail	rule
1906.00436	limitation	in this work), its main limitation is that technical obstacles are encountered once	(e.g., it can be used to study convergence of the trajectories that is not considered in this work), its main limitation is that technical obstacles are encountered once generalizations to non-Euclidean and constrained setups are considered.	0.9	limitations	rule+model
1906.00436	limitation	In its basic form, the dynamics from Eq. ( 2.1 ) cannot be directly applied to non-	generalizations to non-Euclidean and constrained setups are considered. In its basic form, the dynamics from Eq. ( 2.1 ) cannot be directly applied to non- ) do not in general belong	0.9	limitations	rule+model
1906.00436	future_work	The next step is to combine ⟨ z − z , x ∗ ⟩ with ψ ∗ ( z ) − ψ ∗ ( z ) to write them in the	(3.4) − α ˙ α λ − 1 f ( x ) , x ∗ ⟩ d τ = ⟨ z ˙ , x ∗ ⟩ = ⟨ z − z , x ∗ ⟩ . The next step is to combine ⟨ z − z , x ∗ ⟩ with ψ ∗ ( z ) − ψ ∗ ( z ) to write them in the form of Bregman divergences.	0.9	future_work	rule
1906.00436	limitation	Several questions that merit further in-	of both convex and nonconvex optimization. Several questions that merit further in- For example, while convergence to stationary points in Euclidean	0.516	limitations	model
1906.00436	future_work	Another interesting direction for future re-	bounds in general non-Euclidean spaces. Another interesting direction for future re- search is a rigorous characterization of the use of momentum to escape shallow local	0.93	limitations	rule+model
1906.00436	limitation	Allen-Zhu , Natasha: Faster non-convex stochastic optimization via strongly non-convex	Uri Ascher for useful comments and suggestions. Allen-Zhu , Natasha: Faster non-convex stochastic optimization via strongly non-convex , Linear coupling: An ultimate uniﬁcation of gradient and	0.507	limitations	model
2002.0137	limitation	A known limitation is that the direction estimation from	reprojected to the ground as the location of the vehicle. A known limitation is that the direction estimation from 2D speed is unavailable for stopped vehicles.	0.9	limitations	rule+model
2002.0137	limitation	2D speed is unavailable for stopped vehicles.	A known limitation is that the direction estimation from 2D speed is unavailable for stopped vehicles. With ordinary least squares (OLS) method, we can get the	0.791	limitations	model
2002.04406	future_work	sources, mainly, loop detectors and probe vehi- potential future research directions in Sec. 4 .	macroscopic trafﬁc speeds from heterogeneous data with a discussion of the main insights and suggest sources, mainly, loop detectors and probe vehi- potential future research directions in Sec. 4 . cles [ 1 , 4 , 6 , 35 , 36 ].	0.9	future_work	rule+model
2002.04406	limitation	smaller kernels may fail to detect essential features regime of free ﬂow (blue), congested (red), and	tion primarily detects local correlations in the data, can clearly differentiate between the direction and smaller kernels may fail to detect essential features regime of free ﬂow (blue), congested (red), and in the input tensor, can hence produce unrealistic transient dynamics (orange, yellow, and cyan).	0.9	discussion	rule
2002.04406	limitation	Moreover, the model cleverly extrapolates the shortcoming is the model’s extrapolation of nonex-	exaggerated or missed; see Fig. 5 (i, ii, v). Moreover, the model cleverly extrapolates the shortcoming is the model’s extrapolation of nonex- The model learns that with the	0.9	limitations	rule+model
2002.04406	limitation	methods fail to reproduce at low probe penetration	Award CG001 and by the Swiss Re Institute under methods fail to reproduce at low probe penetration the Quantum Cities TM initiative.	0.9	discussion	rule
2002.09564	limitation	Societal impact and Limitations: For some of our experi-	can be effectively used in AL studies to reduce the variance. Societal impact and Limitations: For some of our experi- ments, we use ImageNet data, which lacks gender and eth-	0.398	limitations	model
2002.09564	future_work	have insufﬁciently regularized the models and/or did not tion and segmentation for future work.	We leave other tasks such as detec- have insufﬁciently regularized the models and/or did not tion and segmentation for future work. tune the hyperparameters.	0.9	future_work	rule
2002.09564	future_work	Conclusion and Proposed Guidelines [4] Ekin D Cubuk, Barret Zoph, Dandelion Mane, Vijay Vasude-	sion and Pattern Recognition , pages 9583–9592, 2021. 1 Conclusion and Proposed Guidelines [4] Ekin D Cubuk, Barret Zoph, Dandelion Mane, Vijay Vasude- Autoaugment: Learning augmentation	0.615	future_work	model
2002.09564	future_work	Our extensive experiments suggest a strong need for a policies from data. arXiv preprint arXiv:1805.09501 , 2018.	Autoaugment: Learning augmentation Our extensive experiments suggest a strong need for a policies from data. arXiv preprint arXiv:1805.09501 , 2018. common evaluation platform that facilitates robust and re-	0.781	future_work	model
2002.09677	future_work	approach to volume sampling to future work.	We leave investigating the eﬃciency of such an MCMC approach to volume sampling to future work. In this section, we give a theoretical analysis of kernel interpolation on nodes that follow	0.9	future_work	rule+model
2002.09677	future_work	samplers is deferred to future work.	( Rezaei and Gharan , 2019 ) unlike previous work on random designs. samplers is deferred to future work. Volume sampling was originally introduced on a ﬁnite domain ( Deshpande et al. , 2006 ),	0.9	future_work	rule+model
2002.09677	future_work	Yet, it would be interesting to analyze	circumventing the analysis of the Lebesgue constant. Yet, it would be interesting to analyze this constant under continuous volume sampling to get an idea of the stability of the	0.9	future_work	rule+model
2002.09677	future_work	Another potential extension of this work would be the analysis of interpolation	this constant under continuous volume sampling to get an idea of the stability of the Another potential extension of this work would be the analysis of interpolation under regularization as in ( Bach , 2017 ).	0.783	future_work	model
2003.01908	future_work	This is only a ﬁrst stab at provably robustifying pretrained classiﬁers, and we believe there is still	show that we can provably defend online vision APIs. This is only a ﬁrst stab at provably robustifying pretrained classiﬁers, and we believe there is still plenty of room for improving our method.	0.403	future_work	model
2003.01908	future_work	the gap between our method and Cohen et al. ( 2019 ) remains a valuable future direction.	Finding methods that can train denoisers to close the gap between our method and Cohen et al. ( 2019 ) remains a valuable future direction.	0.9	future_work	rule+model
2004.13148	future_work	Future work includes using our approach with 5G network 10.1109/IWCMC.2016.7577083.	IWCMC 2016 , pp. 351–356, 2016, doi: Future work includes using our approach with 5G network 10.1109/IWCMC.2016.7577083. Furthermore, future studies could focus on measuring [14] Z.	0.9	future_work	rule+model
2004.13148	future_work	Furthermore, future studies could focus on measuring [14] Z.	Future work includes using our approach with 5G network 10.1109/IWCMC.2016.7577083. Furthermore, future studies could focus on measuring [14] Z. how a bigger training dataset affects the performance, as Xu, “Overview of 3GPP LTE-advanced carrier aggregation for 4G	0.9	future_work	rule+model
2005.14425	future_work	structured MAB under the true simplex constraint P p = 1 is part of our future work.	Proving such a lower bound for the structured MAB under the true simplex constraint P p = 1 is part of our future work. been some recent work on similar problems which might provide us some pointers on how to pursue	0.9	future_work	rule+model
2006.03143	future_work	Many theoretical works therefore have focused on development of	Many theoretical works therefore have focused on development of lower-variance unbiased stochastic estimators, but encounter serious limitations when applied to deep	0.872	limitations	model
2006.03143	future_work	Different propositions to overcome the complexity	Different propositions to overcome the complexity limitation appear in appendices of several works, including also [ 5 ], which however have not been tested in deep	0.724	limitations	model
2006.03143	limitation	limitation appear in appendices of several works, including also [ 5 ], which however have not been tested in deep	Different propositions to overcome the complexity limitation appear in appendices of several works, including also [ 5 ], which however have not been tested in deep To get a proper view of the problem, we ﬁrst explain the exact chain rule for the gradient, relating it	0.9	limitations	rule+model
2006.03143	future_work	of the systematic bias on the training is not fully clear to us, we hope to study it further in the future	performs on par with PSA in learning large models, which is very encouraging. of the systematic bias on the training is not fully clear to us, we hope to study it further in the future The work promotes stochastic binary networks and improves the understanding and efﬁciency of	0.9	discussion	rule
2008.0499	future_work	It is promising future work for perception-distortion tradeoﬀ	our method leads to 1.040 dB PSNR decrease at QP= 32 and 0.651 dB PSNR It is promising future work for perception-distortion tradeoﬀ of compressed video quality enhancement, while at the current stage we mainly	0.9	future_work	rule+model
2008.0499	future_work	Speciﬁcally, a WDRB is proposed in	high-frequency details in wavelet domain. Speciﬁcally, a WDRB is proposed in our generator for wavelet sub-band reconstruction and a multi-level wavelet-	0.513	future_work	model
2008.08289	future_work	For more details and the extensions of our approach to other	special case of a fully connected layer. For more details and the extensions of our approach to other complex architectures, please refer to the supplementary document.	0.856	future_work	model
2008.08289	future_work	However, the extensions of our proposed approach to	as a measure of total communication latency. However, the extensions of our proposed approach to other cases is straightforward.	0.92	future_work	model
2008.08289	future_work	However, as we observed in our experiments, generally there are many important connections	To reduce the communication, one may attempt to reduce the number of cross-edges among sub- However, as we observed in our experiments, generally there are many important connections between neurons from different sub-models, and removing those connections can severely affect	0.478	future_work	model
2008.08289	limitation	Since the network band-width is very high in datacenter, the effect of communication is negligible.	This is expected since the computation grows as O ( N 2 ) while communication increases as O ( N ) . Since the network band-width is very high in datacenter, the effect of communication is negligible. In general, the total time ratio increase from 1.01 × in N = 1 K to 2.06 × in N = 1 M .	0.923	limitations	model
2008.08289	limitation	In this paper, we considered the problem of efﬁcient parallel distributed inference of an already	improvement for edge system is 1 . 55 × for N = 1 K and it increases to 3 . 8 × for N = 32 K . In this paper, we considered the problem of efﬁcient parallel distributed inference of an already trained deep model over a cluster of processing units or a sensor network.	0.441	limitations	model
2008.08289	limitation	Moreover, in the wireless sensor networks, it may signiﬁcantly increase the power	and synchronization among processing units or network nodes (i.e., workers) can adversely affect the Moreover, in the wireless sensor networks, it may signiﬁcantly increase the power consumption due to the transmission of large amount of data.	0.448	limitations	model
2008.08289	limitation	to prune or compress the deep models fail to consider the constraints imposed in such distributed	We claimed that traditional approaches to prune or compress the deep models fail to consider the constraints imposed in such distributed To overcome the shortcomings of the existing methods, we devised RePurpose , a	0.9	limitations	rule+model
2008.08289	limitation	To overcome the shortcomings of the existing methods, we devised RePurpose , a	to prune or compress the deep models fail to consider the constraints imposed in such distributed To overcome the shortcomings of the existing methods, we devised RePurpose , a framework to restructure the deep model by rearranging the neurons, optimum assignment of neurons	0.371	limitations	model
2008.10097	limitation	In many modern applications, the observations may not be in the familiar	Understanding and quantifying the correlation between datasets are among the most fundamental In many modern applications, the observations may not be in the familiar form of vectors but rather graphs.	0.71	future_work	model
2008.10097	limitation	Furthermore, the node labels may be absent or scrambled, in	form of vectors but rather graphs. Furthermore, the node labels may be absent or scrambled, in which case one needs to decide the similarity between these unlabeled graphs on the sheer basis of	0.602	future_work	model
2008.10097	future_work	Achieving the optimal threshold with polynomial-time tests remains an open problem.	where β ≜ lim [ t ( k )] 1 /k ≈ 2 . 956 and t ( k ) is the number of unlabeled trees with k vertices [ Ott48 ]. Achieving the optimal threshold with polynomial-time tests remains an open problem. To introduce our testing procedure and the analysis, we ﬁrst reformulate the testing problem	0.9	future_work	rule+model
2008.10097	future_work	To introduce our testing procedure and the analysis, we ﬁrst reformulate the testing problem	Achieving the optimal threshold with polynomial-time tests remains an open problem. To introduce our testing procedure and the analysis, we ﬁrst reformulate the testing problem given in Problem 1 in a more convenient form.	0.5	future_work	model
2008.10097	limitation	This is the limitation of	condition ρ 2 ≥ , which diﬀers from ( 50 ) by an unbounded factor. This is the limitation of the second moment method, as the condition ρ 2 ≤	0.9	limitations	rule+model
2008.10097	future_work	The proof of the impossibility results relies on a delicate application of the truncated second	For sparse Erd˝os-R´enyi graphs, we determine the threshold within a constant The proof of the impossibility results relies on a delicate application of the truncated second moment method, and in particular, leverages the pseudoforest structure of subcritical Erd˝os-R´enyi	0.466	future_work	model
2008.10097	future_work	We conclude the paper with a few important open questions.	graphs in the sparse setting. We conclude the paper with a few important open questions. In a companion paper [ MWXY20 ], we show that a polynomial-time test based on counting	0.516	future_work	model
2008.10097	future_work	However, achieving the optimal detection threshold in	in the sparse regime when np = Θ(1) . However, achieving the optimal detection threshold in polynomial time remains largely open.	0.392	future_work	model
2008.10097	future_work	polynomial time remains largely open.	However, achieving the optimal detection threshold in polynomial time remains largely open. It is of interest to study the detection limit under general weight distributions.	0.9	future_work	rule+model
2008.10097	future_work	It is of interest to study the detection limit under general weight distributions.	polynomial time remains largely open. It is of interest to study the detection limit under general weight distributions. techniques are likely to work beyond the Gaussian Wigner and Erd˝os-R´enyi graphs model.	0.457	future_work	model
2008.10097	future_work	In particular, to improve our positive result, one	sparse Erd˝os-R´enyi graphs with p = n . In particular, to improve our positive result, one may need to analyze a more powerful test statistic beyond QAP.	0.554	future_work	model
2008.13099	future_work	CONCLUSION AND FUTURE WORK [9] L.	Jian Pei 3 ’s which are used in many research areas. CONCLUSION AND FUTURE WORK [9] L. disambiguation by hierarchical agglomerative clustering with	0.9	future_work	rule+model
2009.09111	future_work	We observe a much smaller standard error on our tuned model, indicating a greater level of	Table 2: Tuning vs. default model results. We observe a much smaller standard error on our tuned model, indicating a greater level of consistency with respect to the predictions.	0.6	future_work	model
2009.09111	future_work	Functional data analysis is an emerging ﬁeld where new and exciting research is being con-	behaviour is largely contained in the tuned model. Functional data analysis is an emerging ﬁeld where new and exciting research is being con- ducted through a diﬀerent data paradigm than the usual multivariate lens; this paper has	0.537	future_work	model
2009.09111	future_work	A number of updates to the package have been scheduled including the introduction of more	regression, classiﬁcation, and functional responses. A number of updates to the package have been scheduled including the introduction of more We also are working on a better parallelization of the underlying processes	0.517	future_work	model
2009.09111	future_work	We also are working on a better parallelization of the underlying processes	A number of updates to the package have been scheduled including the introduction of more We also are working on a better parallelization of the underlying processes Lastly, while we presented one way of handling functional responses	0.513	future_work	model
2009.09111	future_work	available in future versions of FuncNN .	in this article, there is a novel extension that is being worked on – this approach will also be available in future versions of FuncNN . We would like to thank Matthew Reyers, Meyappan Subbaiah, and Kevin Multani for their	0.9	future_work	rule+model
2009.09111	future_work	We would like to thank Matthew Reyers, Meyappan Subbaiah, and Kevin Multani for their	available in future versions of FuncNN . We would like to thank Matthew Reyers, Meyappan Subbaiah, and Kevin Multani for their useful discussions during the development of the package.	0.9	future_work	rule
2010.06408	future_work	Additionally, we also proposed a modiﬁed	estimates of both subject- and cluster-level FC networks. Additionally, we also proposed a modiﬁed stARS method for regularization selection that obtains more interpretable estimates of FC networks	0.639	future_work	model
2010.06408	future_work	Although the proposed RCCM addresses short comings in current methods for analyzing	A PREPRINT - O CTOBER 14, 2020 Although the proposed RCCM addresses short comings in current methods for analyzing multi-subject fMRI data sets, the method could be improved to better facilitate analyses in higher	0.418	future_work	model
2010.06408	future_work	Additionally, the proposed RCCM relies on the assumption of independent observations	multi-subject fMRI data sets, the method could be improved to better facilitate analyses in higher Additionally, the proposed RCCM relies on the assumption of independent observations within subjects which is likely violated for fMRI data in which observations are known to exhibit	0.421	future_work	model
2010.06408	future_work	The content is solely the responsibility of the authors and does not necessarily represent the	of Research, Artistry and Scholarship provided by University of Minnesota (to L. The content is solely the responsibility of the authors and does not necessarily represent the ofﬁcial views of the National Institutes of Health or the University of Minnesota.	0.528	future_work	model
2102.04998	future_work	Lemma 4.4 in the next step t + 1 .	Lemma 4.4 in the next step t + 1 . Under the setting of Theorem 3.1 , if the induction hypothesis holds at step t ,	0.9	future_work	rule
2102.04998	future_work	Analysis of architectures such as Residual Networks and Transformers would be a potentially	Analysis of architectures such as Residual Networks and Transformers would be a potentially We thank the anonymous reviewers for alerting us to a mistake in an earlier version of this	0.768	future_work	model
2102.08591	future_work	the paper and outlines potential directions for future research. potential directions for future	Finally, Section 8 concludes the paper and outlines potential directions for future research. potential directions for future Training classification models on high-dimensional data, such as gene expression profiles where the	0.951	future_work	rule+model
2102.08591	future_work	Allowing interactions among predictors can be	in the individual models to build an ensemble. Allowing interactions among predictors can be	0.585	future_work	model
2102.08591	future_work	for future research: extending the split-modeling framework to explicitly account for data depen-	Furthermore, our analysis of paired-sample data highlights a valuable direction for future research: extending the split-modeling framework to explicitly account for data depen- dencies, for instance by incorporating it into mixed-effects models or conditional logistic regression	0.9	future_work	rule
2102.08591	future_work	Block coordinate descent is an effective approach to solve the multi-convex optimization problem	dencies, for instance by incorporating it into mixed-effects models or conditional logistic regression Block coordinate descent is an effective approach to solve the multi-convex optimization problem underlying split logistic regression.	0.448	future_work	model
2102.08591	future_work	Multi-convex programming is an emerging field in optimization	underlying split logistic regression. Multi-convex programming is an emerging field in optimization with many applications in statistics and machine learning, see e.g. Shen et al. ( 2017 ) and Pardalos	0.596	future_work	model
2102.08591	future_work	In future research we will investigate whether alternative approaches can further	with many applications in statistics and machine learning, see e.g. Shen et al. ( 2017 ) and Pardalos In future research we will investigate whether alternative approaches can further decrease the computational cost of the method.	0.988	future_work	rule+model
2102.08591	future_work	In future research it will be examined whether alternative ensembling	prediction point of view. In future research it will be examined whether alternative ensembling functions can improve on the prediction accuracy of the ensemble.	0.933	future_work	rule+model
2111.03932	future_work	interesting direction for future work but this paper focuses on establishing the core adaptive graduation	Applying acceleration AGGLIO is an interesting direction for future work but this paper focuses on establishing the core adaptive graduation Recall from Section 1 that given covariates x , . . . , x ∈ R n and labels generated as y = φ ( x ⊤ w ) + ϵ using	0.9	future_work	rule+model
2111.03932	future_work	be used and oﬀer interesting directions for future work.	techniques such as SVRG [ 16 ] or SAGA [ 8 ], or momentum and adaptive gradient methods [ 17 , 24 ] could also be used and oﬀer interesting directions for future work. All detailed proofs are placed in the appendices.	0.9	future_work	rule+model
2111.03932	future_work	in experiments in pre-activation settings is an interesting direction of future work.	Investigating why AGGLIO still seems to oﬀer consistent recovery in experiments in pre-activation settings is an interesting direction of future work. All experiments were performed on an Intel Core i7-6500U CPU with 16GB RAM.	0.9	future_work	rule+model
2111.03932	future_work	The most prominent directions of future	popular activation functions such as sigmoid, softplus and SiLU. The most prominent directions of future seem to indicate (Theorem 4 works only for low variance post-activation noise), 2) applying momentum and	0.751	future_work	model
2212.03539	limitation	However, this does not threaten interactivity as long as	mathematics with a PhD in this field and has 4.5 years of experience However, this does not threaten interactivity as long as everything gets parallelized and/or pre-computed beforehand [15].	0.709	limitations	model
2212.03539	limitation	For the latter case, he pointed out the tool’s limitation to visualize	cusing on ML and deep learning with 7.5 years of experience in ML. For the latter case, he pointed out the tool’s limitation to visualize a much larger data set with more difficult-to-predict instances due	0.9	limitations	rule+model
2212.12018	limitation	We do not display the results for the training with multiple controls however as we could not obtain	The results are given in Figure 11 for the comparison of Langevin and non-Langevin algorithms with a single We do not display the results for the training with multiple controls however as we could not obtain satisfying results neither with Langevin nor-with non-Langevin methods.	0.9	tail	rule
2212.12018	limitation	In particular, we did not observe any	The gains for the L-RMSprop algorithm remain limited however. In particular, we did not observe any signiﬁcant improvement for ﬁshing SOC with multiple controls, for deep hedging SOC with a single control and	0.9	tail	rule
2212.12018	limitation	We do not have explanation for this fact.	signiﬁcant improvement for ﬁshing SOC with multiple controls, for deep hedging SOC with a single control and We do not have explanation for this fact. The gains brought by Langevin algorithm increase with the depth of the network as shown in Figures 4	0.9	tail	rule
2212.12018	limitation	However, contrary to [ Bra22 ], we did not observe overwhelming gains as N becomes very large.	The gains brought by Langevin algorithm increase with the depth of the network as shown in Figures 4 However, contrary to [ Bra22 ], we did not observe overwhelming gains as N becomes very large. believe that this is due (in part) to the particular structure of the deep SOC problem where the same control	0.9	tail	rule
2212.13902	limitation	We demonstrate the limitations of the optimization problems	and in the latter, we analyze the multiple shooting approach. We demonstrate the limitations of the optimization problems posed by these existing methods by showing that they can be seen as special cases of the proposed optimization objective under	0.511	limitations	model
2212.13902	future_work	Bayesian method is viable even when there are more	Automatica , 48(8):1525–1535, 2012. Bayesian method is viable even when there are more [14] Yutao Chen, Nicol`o Scarabottolo, Mattia Bruschetta, and	0.486	future_work	model
2212.13902	future_work	Future work will look toward applying multiple shooting-based non-linear model predictive control.	Eﬃcient move blocking strategy for Future work will look toward applying multiple shooting-based non-linear model predictive control. the Bayesian method to higher dimensional systems.	0.947	future_work	rule+model
2212.13902	future_work	This work was funded by the AFOSR Computational	[16] Sergey Dolgov, Dante Kalise, and Karl K Kunisch. This work was funded by the AFOSR Computational decomposition methods for high-dimensional hamilton–	0.422	future_work	model
2305.0293	future_work	(0-3% in DSC and 0.1-4% in mIoU) compared to fine-tuning only the mask decoder.	(0-3% in DSC and 0.1-4% in mIoU) compared to fine-tuning only the mask decoder. remains an open question whether SAM's encoders should be fine-tuned to achieve optimal	0.491	future_work	model
2305.0293	future_work	remains an open question whether SAM's encoders should be fine-tuned to achieve optimal	(0-3% in DSC and 0.1-4% in mIoU) compared to fine-tuning only the mask decoder. remains an open question whether SAM's encoders should be fine-tuned to achieve optimal Comparison of transfer learning strategies for Polyp-SAM-B on multi-center data.	0.9	future_work	rule+model
2305.0293	limitation	Although Polyp-SAM-L is much more computationally complex, we note that it did not outperform	excellent performance across five public colon polyp datasets when compared to existing methods. Although Polyp-SAM-L is much more computationally complex, we note that it did not outperform the lightweight Polyp-SAM-B in three out of five public datasets during finetuning.	0.863	limitations	model
2305.0293	limitation	SAM leads to better performance, the gains are still quite limited, and finetuning only the decoder	Our results indicated that while finetuning all components of SAM leads to better performance, the gains are still quite limited, and finetuning only the decoder achieves satisfactory performance.	0.855	limitations	model
2305.0293	limitation	However, our study has some limitations.	achieves satisfactory performance. However, our study has some limitations. As shown in Figure 4, Polyp-SAM still struggles with	0.777	limitations	model
2305.0293	limitation	As shown in Figure 4, Polyp-SAM still struggles with	However, our study has some limitations. As shown in Figure 4, Polyp-SAM still struggles with multiple sporadic lesions in colonoscopy images.	0.9	limitations	rule+model
2305.0293	limitation	We suspect that Polyp-SAM’s performance can be	multiple sporadic lesions in colonoscopy images. We suspect that Polyp-SAM’s performance can be further improved by adjusting mask decoders to output multiple segmentation masks.	0.37	limitations	model
2305.0293	limitation	SAM is based on learning visual patterns from user prompts, it becomes a major bottleneck for	further improved by adjusting mask decoders to output multiple segmentation masks. SAM is based on learning visual patterns from user prompts, it becomes a major bottleneck for developing fully end-to-end polyp segmentation models using SAM.	0.562	limitations	model
2406.07993	future_work	Future research is required to give an example of such a	observe around us stable or metastable? Future research is required to give an example of such a model or a proof that it does not exist.	0.929	future_work	rule+model
2406.07993	future_work	These questions might be explored by investigating learning	model or a proof that it does not exist. These questions might be explored by investigating learning in the ‘real world’ (to identify appropriate α and ϵ ) as well as the influence of parameter values α	0.584	future_work	model
2406.07993	limitation	A limitation of the models we study is that the memory of the agents is entirely implicit because	stable polarisation in the real world is difficult. A limitation of the models we study is that the memory of the agents is entirely implicit because we use stateless Q-learning.	0.9	limitations	rule+model
2406.07993	limitation	This would complicate the analysis: If additionally to memory, an agent knows the identity of the	states, where each state corresponds to the last action taken by each of an agents neighbours. This would complicate the analysis: If additionally to memory, an agent knows the identity of the neighbour they are expressing their opinion to, it is possible that polarization becomes absorbing	0.504	limitations	model
2406.07993	limitation	Another limitation of the model relates to the isolation of the dynamics from other influences.	to an opinion to avoid decoupling the dynamics of each pair of agents from other interactions. Another limitation of the model relates to the isolation of the dynamics from other influences. Effects other than social influence that may be driving agent opinions are an internal cognitive	0.9	limitations	rule+model
2406.07993	limitation	Finally, the assumption that the agents of the model are fixed (no	certain opinion [26, 55, 56, 57]. Finally, the assumption that the agents of the model are fixed (no new agents enter, or old ones leave) can be seen as unrealistic.	0.414	limitations	model
2409.00733	future_work	Exploration of the implications of these findings	small, the condition on β specified in Corollary 9 is Exploration of the implications of these findings	0.712	future_work	model
2409.00733	future_work	We would like to thank our colleagues for their valu-	the misclassification error approaches the noise We would like to thank our colleagues for their valu- level η even under the heavy-tailed setting.	0.9	discussion	rule
2412.06168	limitation	To address these limitations, this paper proposes a	and Farshad Khorrami, Senior Member, IEEE To address these limitations, this paper proposes a Abstract —Out-of-distribution (OOD) detection is crucial for the	0.548	limitations	model
2412.06168	future_work	To address these limitations, we propose a novel effective	OI is a widely utilized metric that To address these limitations, we propose a novel effective quantifies the area of intersection between two probability	0.624	limitations	model
2412.06168	future_work	Although numerous OOD detectors have been proposed,	mentioned limitations of the existing OOD detectors. Although numerous OOD detectors have been proposed, to traditional OOD detectors, our method is empirically	0.64	limitations	model
2412.06168	limitation	Due to this limitation, the attacker may use our work to design	The experimental illustration is given in Appendix H. Due to this limitation, the attacker may use our work to design stealthy OOD samples to evade our detection, causing machine	0.9	limitations	rule+model
2412.06168	limitation	A ( g ) | E [ g ] − E [ g ] | − the positive impact of our approach far outweighs any potential	Let η ′ = max { 0 , 1 − max A ( g ) | E [ g ] − E [ g ] | − the positive impact of our approach far outweighs any potential	0.419	limitations	model
2412.09369	limitation	have no such limitation and can be used any number of test samples.	that while we are demonstrating results using only 100 test samples in various examples, trained deep learning models have no such limitation and can be used any number of test samples. For all the examples, we aim to have 95%	0.9	limitations	rule+model
2412.09369	future_work	For all the examples, we aim to have 95%	have no such limitation and can be used any number of test samples. For all the examples, we aim to have 95% Table 2: Dataset size used in various examples.	0.9	limitations	rule
2502.01282	limitation	come this limitation, a variety of adaptive wavelet transforms	torical accuracy requires that previous works now included come this limitation, a variety of adaptive wavelet transforms in broader wavelet theory are also mentioned.	0.9	limitations	rule
2502.01282	limitation	One of the most cited limitations of ML methods	and biomedical signal processing [20], [21], [22] among other following: One of the most cited limitations of ML methods 1) The introduction of rational Gaussian wavelets (RGW).	0.573	limitations	model
2502.01282	future_work	our findings and discuss future research directions.	various ML models including neural networks [20] and support our findings and discuss future research directions. related calculations can be found in the appendix.	0.947	future_work	rule+model
2502.01282	future_work	In our recent work [32], we proposed	related calculations can be found in the appendix. In our recent work [32], we proposed the approximation of continuous wavelet coefficients using VP	0.602	future_work	model
2502.01282	limitation	In fact, a VP-neural network architecture was con-	the approximation of continuous wavelet coefficients using VP In fact, a VP-neural network architecture was con-	0.855	future_work	model
2502.01282	limitation	they suffer from the usual drawbacks associated with DWT.	quick and guarantee that the transformation can be inverted, z they suffer from the usual drawbacks associated with DWT. Namely, the smoothness and and symmetry properties of the	0.9	limitations	rule+model
2502.01282	limitation	learned wavelets cannot be guaranteed.	where ℑ ( z ) denotes the imaginary part of the complex pa- learned wavelets cannot be guaranteed.	0.9	limitations	rule+model
2502.01282	future_work	In addition, we would like to investigate the since in 0 by definition, the derivative of ψ η is expressed by	would like to find other potential applications of the RGW- case, then the function ψ η ( ξ ) /ξ is continuous at 0 . In addition, we would like to investigate the since in 0 by definition, the derivative of ψ η is expressed by possibility of using RGW wavelets for other tasks as well, such	0.9	future_work	rule
2506.06895	limitation	To address this limitation, we propose parallelism and structured kernel matrices.	frequently occurs in real-world data such as time linear conjugate gradient method, often leveraging hardware To address this limitation, we propose parallelism and structured kernel matrices. leveraging latent Kronecker structure , by express-	0.501	limitations	model
2506.06895	limitation	The main limitation of this class of methods is also scalabil-	which results in a joint covariance The main limitation of this class of methods is also scalabil- ity to higher-dimensional spaces, for which the hierarchical	0.9	limitations	rule+model
2506.06895	limitation	The main limitations of the state- introduce product kernels and Kronecker structure ( Bonilla	The main limitations of the state- introduce product kernels and Kronecker structure ( Bonilla Scalable Gaussian Processes with Latent Kronecker Structure	0.484	limitations	model
2506.06895	future_work	Future work could investigate specialized kernels, multi-	random with ratios of 10 %, 20 %, ..., 50 %. Future work could investigate specialized kernels, multi- model fitting setup are provided in Appendix C .	0.954	limitations	rule+model
2506.06895	limitation	LKGP also requires the least amount of time by a large mar-	Furthermore, if the data does LKGP also requires the least amount of time by a large mar- not even live on a partial grid, it would be possible to gener-	0.573	limitations	model
2506.06895	future_work	This paper presents work whose goal is to advance the field	Product Kernel Interpolation for Scalable Gaussian This paper presents work whose goal is to advance the field In International Conference on Artificial Intel-	0.696	limitations	model
2507.11367	limitation	Despite its pivotal role in the success of deep (reinforcement) learn-	Despite its pivotal role in the success of deep (reinforcement) learn- ing [ 5 , 7 ], BP has known limitations.	0.405	limitations	model
2507.11367	limitation	It is not considered a biologically requires no backward pass or memorization of activations and is	ing [ 5 , 7 ], BP has known limitations. It is not considered a biologically requires no backward pass or memorization of activations and is plausible learning paradigm for the cortex, although some efforts have compatible with classical networks and any RL algorithm.	0.716	limitations	model
2507.11367	limitation	Additionally, backpropagation requires to store all activations, entails the additional possibility of integrating domain or task-specific dis-	been made to model how real neurons might implement it [ 8 – 10 ]. pose two variations of this pairwise distance-based local loss, with Additionally, backpropagation requires to store all activations, entails the additional possibility of integrating domain or task-specific dis-	0.447	limitations	model
2507.11367	limitation	However, there are open questions, due to learning meaningful representations in higher dimensions,	improving their learning behavior. However, there are open questions, due to learning meaningful representations in higher dimensions, potential limitations regarding the scalability and transferability of and not due to the mapping to a higher dimension itself, we also	0.434	limitations	model
2507.11367	future_work	Appendix D) indicate that the proposed approach is able to learn	this approach, and the assumption of a global target. trained agents using frozen random hidden layers. Appendix D) indicate that the proposed approach is able to learn The pairwise distance matrices, which are	0.63	limitations	model
2507.11367	limitation	N × N , may become computationally expensive as N increases,	meaningful transformations into higher dimensions. N × N , may become computationally expensive as N increases, especially with full episode based updates.	0.489	limitations	model
2507.11367	future_work	the target distance matrix for all layers, assuming a global target like ℓ -norm or gram matrix based metrics is a useful future direction.	Global target: For calculating the local losses, we used D as metrics that are suitable for fast computation via matrix operations the target distance matrix for all layers, assuming a global target like ℓ -norm or gram matrix based metrics is a useful future direction. This assumption may be circumvented by, Additionally, for other model architectures, specialized distance or	0.9	limitations	rule+model
2507.11367	limitation	This assumption may be circumvented by, Additionally, for other model architectures, specialized distance or	the target distance matrix for all layers, assuming a global target like ℓ -norm or gram matrix based metrics is a useful future direction. This assumption may be circumvented by, Additionally, for other model architectures, specialized distance or tations can also be incorporated, similar to our proposed guided loss	0.583	limitations	model
2507.11367	future_work	This might help the RL agent to learn more efficiently and robustly.	Grandmaster level in StarCraft II using This might help the RL agent to learn more efficiently and robustly. multi-agent reinforcement learning.	0.723	future_work	model
2507.11367	future_work	promising results and a flexible framework, future research should	Backpropagation and the brain. promising results and a flexible framework, future research should challenge its scalability and transferability, explore different met- [10] Geoffrey Hinton.	0.962	future_work	rule+model
2507.11367	future_work	Evolution Strategies as a Scalable Alternative to Reinforcement Learning.	free training of neural networks in reinforcement learning settings. Evolution Strategies as a Scalable Alternative to Reinforcement Learning. Our method focuses on learning feature transformations by mini-	0.571	future_work	model
2507.11367	future_work	The versatility of the proposed method invites future research into Neural Interfaces using Synthetic Gradients.	Vinyals, Alex Graves, David Silver, and Koray Kavukcuoglu. The versatility of the proposed method invites future research into Neural Interfaces using Synthetic Gradients. In International Conference	0.9	future_work	rule+model
2507.11367	future_work	Additionally, it offers potential for leveraging the	utilizing different distance metrics and non-linear dimensionality re- on Machine Learning , 2017. Additionally, it offers potential for leveraging the [19] Mengye Ren, Simon Kornblith, Renjie Liao, and Geoffrey Hinton.	0.736	future_work	model
2510.25287	limitation	This limitation motivates the following section, where we study PSGD with a learning rate of	effectively implement this learning rate in practice, and is particularly difficult to obtain in the OT This limitation motivates the following section, where we study PSGD with a learning rate of the form γ = γ /t b for b < 1 .	0.9	limitations	rule+model
2510.25287	limitation	suffers from convergence plateaus due to its fixed step	discrete OT (especially in generative modeling), it often suffers from convergence plateaus due to its fixed step In contrast, S-Adam incorporates a decaying learn-	0.9	future_work	rule+model
2510.25287	limitation	Despite lacking theoretical guarantees under 10 4	ing rate and is specifically tailored for strongly convex Despite lacking theoretical guarantees under 10 4 RSC, our empirical results (Figure 2) show that Projected	0.661	future_work	model
2510.25287	future_work	Formalizing these observations and extending our theory	Figure 2: S-Adam outperforms Adam on Formalizing these observations and extending our theory Ex. 1, avoiding convergence plateau.	0.649	future_work	model
2510.25287	future_work	a compelling direction for future research.	to include adaptive methods, while challenging, remains a compelling direction for future research. The work of François-Xavier Vialard is partly supported by the Bézout Labex (New Monge Problems),	0.948	future_work	rule+model
2510.25287	future_work	The work of François-Xavier Vialard is partly supported by the Bézout Labex (New Monge Problems),	a compelling direction for future research. The work of François-Xavier Vialard is partly supported by the Bézout Labex (New Monge Problems), funded by ANR, reference ANR-10-LABX-58.	0.657	future_work	model
